name,account_url
Toby Roberts,https://www.8a.nu/user/toby-roberts-e1619
Mejdi Schalck,https://www.8a.nu/user/mejdi-schalck
Paul Jenft,https://www.8a.nu/user/jenft-paul
Anze Peharc,https://www.8a.nu/user/ane-peharc
Adam Ondra,https://www.8a.nu/user/adam-ondra
Yannick Flohé,https://www.8a.nu/user/yannick-flohe
Oscar Baudrand,https://www.8a.nu/user/oscar-baudrand
Colin Duffy,https://www.8a.nu/user/colin-duffy
Adam Shahar,https://www.8a.nu/user/adam-shahar-cy26t
Samuel Richard,https://www.8a.nu/user/samuel-richard
Alberto Ginés López,https://www.8a.nu/user/alberto-gines-lopez-76th7
Jakob Schubert,https://www.8a.nu/user/jakob-schubert
Jan-Luca Posch,https://www.8a.nu/user/jan-luca-posch-bpzmx
Nikolay Rusev,https://www.8a.nu/user/niki-rusev
Elias Arriagada Krüger,https://www.8a.nu/user/elias-arriagada-krueger
Hannes Van Duysen,https://www.8a.nu/user/hannes-van-duysen
Sascha Lehmann,https://www.8a.nu/user/sascha-lehmann
Gregor Vezonik,https://www.8a.nu/user/gregor-vezonik
Nicolai Uznik,https://www.8a.nu/user/nicolai-uznik-mv2g2
Alexander Megos,https://www.8a.nu/user/alex-megos
Charles Barron,https://www.8a.nu/user/charlie-barron
Julien Clémence,https://www.8a.nu/user/julien-clemence
Nicolas Collin,https://www.8a.nu/user/nicholas-collins
Max Kleesattel,https://www.8a.nu/user/max-kleesattel
Guillermo Peinado Franganillo,https://www.8a.nu/user/guillermo-f
Slav Kirov,https://www.8a.nu/user/slav-kirov-70682
Edvards Gruzitis,https://www.8a.nu/user/edvards-gruzitis-1ce74
Antoine Girard,https://www.8a.nu/user/antoine-girard
Filip Schenk,https://www.8a.nu/user/filip-schenk
Dylan Parks,https://www.8a.nu/user/dylan-barks
Benjamin Vargas,https://www.8a.nu/user/benjamin-vargas
Nimrod Marcus,https://www.8a.nu/user/nimrod-marcus-woz7x
Hugo Hoyer,https://www.8a.nu/user/hugo-hoyer
Ram Levin,https://www.8a.nu/user/ram-levin
Yannick Nagel,https://www.8a.nu/user/yannick-nagel
Sam Lavender,https://www.8a.nu/user/sam-lavender-0f08e
Diego Lequerica Buscaglia,https://www.8a.nu/user/diego-lequerica-68600
Adrien Lemaire,https://www.8a.nu/user/adrien-lemaire
Lukas Mokrolusky,https://www.8a.nu/user/lukas-mokrolusky
Christian Wagner,https://www.8a.nu/user/christian-wagner
Alexander Waller,https://www.8a.nu/user/zander-waller-j17fe
Jonas Utelli,https://www.8a.nu/user/jonas-utelli
Stefano Ghisolfi,https://www.8a.nu/user/stefano-ghisolfi-iixzv
Stefan Scherz,https://www.8a.nu/user/stefan-scherz
Zan Lovenjak Sudar,https://www.8a.nu/user/zan-lovenjak-sudar
Hannes Puman,https://www.8a.nu/user/hannes-puman
Tim Würthner,https://www.8a.nu/user/tim-wuerthner
Raffael Gruber,https://www.8a.nu/user/raffael-gruber
Martin Bergant,https://www.8a.nu/user/martin-bergant-44211
Martin Stranik,https://www.8a.nu/user/martin-stranik-8347
Timo Uznik,https://www.8a.nu/user/timo-uznik
Paul Brand,https://www.8a.nu/user/paul-brand
Marley Farquharson,https://www.8a.nu/user/marley-farquharson
Rodrigo Iasi Hanada,https://www.8a.nu/user/rodrigo-iasi-hanada-955g3
Nathan Martin,https://www.8a.nu/user/nathan-ma-7290a
Simone Mabboni,https://www.8a.nu/user/simone-mabboni
Yuval Shemla,https://www.8a.nu/user/yuval-shamla
Alex Khazanov,https://www.8a.nu/user/alex-khazanov
Pietro Vidi,https://www.8a.nu/user/pietro-vidi-tz236
Dylan Smith,https://www.8a.nu/user/dylan-smith-1866
Iman Arezeh,https://www.8a.nu/user/iman-arezeh
Michael O'Neill,https://www.8a.nu/user/michael-oneill
Max Thomas,https://www.8a.nu/user/max-thomas
Jack Burningham,https://www.8a.nu/user/jack-burningham-b5bcv
Marcello Bombardi,https://www.8a.nu/user/marcello-bombardi
Ian Tan,https://www.8a.nu/user/brian-tan
Lasse Von Freier,https://www.8a.nu/user/lasse-von-freier
Giorgio Tomatis,https://www.8a.nu/user/giorgio-tomatis
Lucas Trandafir,https://www.8a.nu/user/lucas-trandafir
Tomer Yakobovitch,https://www.8a.nu/user/tomer-yak
Ned Middlehurst,https://www.8a.nu/user/ned-m
Zach Galla,https://www.8a.nu/user/zach-galla
James Pope,https://www.8a.nu/user/james-pope
Julian Wimmer,https://www.8a.nu/user/julian-wimmer
Ilja Auersperg,https://www.8a.nu/user/ilja-auersperg
Christopher Cosser,https://www.8a.nu/user/christopher-cosser
Felipe Ho Foganholo,https://www.8a.nu/user/felipe-ho-foganholo
Peter Kuric,https://www.8a.nu/user/peter-kuric
Pietro Biagini,https://www.8a.nu/user/pietro-biagini
Leonardo Magallanes Tejada,https://www.8a.nu/user/leonardo-magallanes
Jonas Körner,https://www.8a.nu/user/jonas-kornerup-jensen
Michael Piccolruaz,https://www.8a.nu/user/michael-piccolruaz
Nathan Whaley,https://www.8a.nu/user/nathan-whaley
Nathan Sato,https://www.8a.nu/user/nathan-sato
Vin Sukapanpotharam,https://www.8a.nu/user/vin-sukapanpotharam
Emil Zimmermann,https://www.8a.nu/user/emil-zimmermann
Jan Stipek,https://www.8a.nu/user/jan-stipek-x5igt
William Flores,https://www.8a.nu/user/william-flores
Rolands Rugens,https://www.8a.nu/user/rolands-rugens
Suraj Singh,https://www.8a.nu/user/suraj-singh
Albin Meyer,https://www.8a.nu/user/albin-meyer-86753
Hossein Familrohani,https://www.8a.nu/user/hossein-familrohani
Filip Matejička,https://www.8a.nu/user/filip-matejicka
Max Bertone,https://www.8a.nu/user/max-bertone
Nino Grünenfelder,https://www.8a.nu/user/nino-gruenenfelder-69185
Ties Vancraeynest,https://www.8a.nu/user/ties-vancraeynest
Philipp Martin,https://www.8a.nu/user/philippe-martin-6a967
Christoph Hanke,https://www.8a.nu/user/christoph-anxmy
Jules Marchaland,https://www.8a.nu/user/jules-marchaland
Jordi Poles,https://www.8a.nu/user/jordi-poles-1k13b
Ross Fulkerson,https://www.8a.nu/user/ross-fulkerson
Arsène Duval,https://www.8a.nu/user/arsene-duval
Dimitri Flick,https://www.8a.nu/user/dimitri-flick
Nao Monchois,https://www.8a.nu/user/nao-monchois-rfa29
Davide Marco Colombo,https://www.8a.nu/user/davide-marco-colombo
Lovro Črep,https://www.8a.nu/user/lovro-crep
Auswin Aueareechit,https://www.8a.nu/user/auswin-aueareechit
Victor Baudrand,https://www.8a.nu/user/victor-baudrand
Milan Preskar,https://www.8a.nu/user/milan-preskar
Rhys Conlon,https://www.8a.nu/user/rhys-conlon
Johannes Hofherr,https://www.8a.nu/user/johannes-hofherr
Elliot Eriksson,https://www.8a.nu/user/elliot-eriksson
Maël Grenier,https://www.8a.nu/user/mael-grenier
Mel Janse Van Rensburg,https://www.8a.nu/user/mel-janse-van-rensburg
Hugo Parmentier,https://www.8a.nu/user/hugo-parmentier
Allen Lactaoen,https://www.8a.nu/user/allen-lactaoen
Ege Duman,https://www.8a.nu/user/ege-duman-po43o
Mark Brand,https://www.8a.nu/user/mark-brand-34055
Eliáš Kysela,https://www.8a.nu/user/elias-kysela
Illia Bakhmet-Smolenskyi,https://www.8a.nu/user/illya-bakhmet-smolenskyi
Mao Nakamura,https://www.8a.nu/user/mao-n-360f9
Natalia Grossman,https://www.8a.nu/user/natalia-grossman-o2gfc
Oceania Mackenzie,https://www.8a.nu/user/mackenzie-s-abd2e
Oriane Bertone,https://www.8a.nu/user/oriane-bertone-5nw5o
Brooke Raboutou,https://www.8a.nu/user/brooke-raboutou
Agathe Calliet,https://www.8a.nu/user/agathe-calliet
Jessica Pilz,https://www.8a.nu/user/jessica-pilz
Lucia Dörffel,https://www.8a.nu/user/lucia-doerffel
Sofya Yokoyama,https://www.8a.nu/user/sofya-yokoyama
Fanny Gibert,https://www.8a.nu/user/fanny-gibert
Alma Bestvater,https://www.8a.nu/user/alma-bestvater
Lucija Tarkus,https://www.8a.nu/user/lucija-tarkus
Ai Mori,https://www.8a.nu/user/ai-mori
Afra Hönig,https://www.8a.nu/user/afra-hoenig
Camilla Moroni,https://www.8a.nu/user/camilla-moroni
Kylie Cullen,https://www.8a.nu/user/kylie-cullen
Laura Rogora,https://www.8a.nu/user/laura-rogora-26514
Giorgia Tesio,https://www.8a.nu/user/giorgia-tesio-f
Chloe Caulier,https://www.8a.nu/user/chloe-caulier
Franziska Sterrer,https://www.8a.nu/user/ziska-su
Mia Krampl,https://www.8a.nu/user/mia-krampl
Molly Thompson-Smith,https://www.8a.nu/user/molly-thompson-smith
Lea Kempf,https://www.8a.nu/user/lea-kempf
Cloe Coscoy,https://www.8a.nu/user/cloe-coscoy
Andrea Kümin,https://www.8a.nu/user/andrea-kuemin
Lucile Saurel,https://www.8a.nu/user/lucile-saurel
Manon Hily,https://www.8a.nu/user/manon-hily
Stasa Gejo,https://www.8a.nu/user/stasa-gejo
Zoe Peetermans,https://www.8a.nu/user/zoe-peetermans
Michaela Smetanova,https://www.8a.nu/user/michaela-smetanova
Vita Lukan,https://www.8a.nu/user/vita-lukan
Lisa Klem,https://www.8a.nu/user/lisa-klem
Amber Schiffeleers,https://www.8a.nu/user/amber-schiffeleers
Ingrid Kindlihagen,https://www.8a.nu/user/ingrid-kindlihagen-71248
Alejandra Contreras,https://www.8a.nu/user/alejandra-contreras
Helen Gillett,https://www.8a.nu/user/helen-gillett
Alannah Yip,https://www.8a.nu/user/alannah-yip
Julija Kruder,https://www.8a.nu/user/julija-kruder
Lianet Castillo,https://www.8a.nu/user/lianet-castillo
Sol Sa,https://www.8a.nu/user/sol-sa
Ema Galeova,https://www.8a.nu/user/ema-galeova
Analise Van Hoang,https://www.8a.nu/user/analise-van-hoang
Noa Shiran,https://www.8a.nu/user/noa-shiran
Aleksandra Totkova,https://www.8a.nu/user/aleksandra-b
Marian Kiara Luna Micheri,https://www.8a.nu/user/marian-kreyer
Margarita Agambayeva,https://www.8a.nu/user/marga-rita
Yali Wei,https://www.8a.nu/user/lei-wei
Tegwen Oates,https://www.8a.nu/user/tegwen-oates
Emma Edwards,https://www.8a.nu/user/emma-edwards-030b9
Svana Bjarnason,https://www.8a.nu/user/svana-bjarnason-b606c
Iziar Martínez Almendros,https://www.8a.nu/user/iziar-martinez
Pernille Tvedt,https://www.8a.nu/user/pernille-s-1bc25
Ella Fisher,https://www.8a.nu/user/daniel-fisher
Sunniva Eik Haave,https://www.8a.nu/user/sunniva-haave
Lynn Van Der Meer,https://www.8a.nu/user/lynn-van-der-meer
Anna Bolius,https://www.8a.nu/user/anna-bolius
Marketa Janosova,https://www.8a.nu/user/marketa-janosova
Roxy Perry,https://www.8a.nu/user/roxy-perry-11c1b
Katharina Bergmann,https://www.8a.nu/user/katharina-s
Mattea Pötzi,https://www.8a.nu/user/mattea-poetzi
Camille Pouget,https://www.8a.nu/user/camille-pouget
Julia Fiser,https://www.8a.nu/user/julia-fiser
Ina Plassoux Djiga,https://www.8a.nu/user/ina-plassoux-djiga
Lana Skusek,https://www.8a.nu/user/lana-skusek
Eva Maria Hammelmüller,https://www.8a.nu/user/eva-maria
Ilaria Scolaris,https://www.8a.nu/user/ilaria-s
Martina Demmel,https://www.8a.nu/user/martina-demmel
Ai Takeuchi,https://www.8a.nu/user/mai-takeuchi-8a777
Melina Costanza,https://www.8a.nu/user/melina-costanza-7pvyo
Claudia Ghisolfi,https://www.8a.nu/user/claudia-ghisolfi
Noé Looser,https://www.8a.nu/user/noe-looser
Tereza Siruckova,https://www.8a.nu/user/tereza-siruckova
Nika Potapova,https://www.8a.nu/user/nika-potapova
Kintana Iltis,https://www.8a.nu/user/kintana-iltis
Lana Goric,https://www.8a.nu/user/gori-c-a7fc8
Lucie Watillon,https://www.8a.nu/user/lucie-watillon
Victoria Ysrael,https://www.8a.nu/user/victoria-h-94649
Olivia Ogier,https://www.8a.nu/user/olivia-ogier-nu9vm
Hei Kiu Heidi Wong,https://www.8a.nu/user/heidi-wong-6a8f9
María Fernanda González Rámirez,https://www.8a.nu/user/fernanda-gonzalez
Quinn Mason,https://www.8a.nu/user/quinn-mason
Danai Valsamidi,https://www.8a.nu/user/danai-valsamidi
